event_id,posterior_format,weight,N,score_q50,score,score_type,sigma_f,sigma_tau,z0,pred_delta_f,pred_delta_tau,ucm_f220_q50,ucm_df_raw,ucm_dt_raw,ucm_clipped_df,ucm_clipped_dt,z_pred_f,z_pred_tau,model,delta_f_q05,delta_f_q50,delta_f_q95,delta_tau_q05,delta_tau_q50,delta_tau_q95
rin_S150914_pyring_Kerr_221_domega_dtau_221_0M_ft,delta_csv,1.0,600,0.00693890742,-6.2727302668020055,model_nll,0.02960329250709464,0.06328261894823965,0.10254641800651818,0.0014048621598624228,0.0,240.48215069,0.00140486215986,0,0,0,0.06642237276111028,-0.10077725536637896,ucm,-0.048651718149999995,-0.00056145877,0.048734447949999926,-0.10819053699999999,0.00637744865,0.0999907535999999
rin_S170104_pyring_Kerr_221_domega_dtau_221_0M_ft,delta_csv,1.0,600,0.031724268,-5.8669587651549095,model_nll,0.030967708396889948,0.06323058401418984,0.4822461552668701,0.035484003470764455,0.0,252.479575636,0.0354840034708,0,0,0,0.793315173854831,0.32907204360678566,ucm,-0.0393469512,0.0109168505,0.06252774374999999,-0.1239182705,-0.0208074175,0.0840918403999999
rin_S170814_pyring_Kerr_221_domega_dtau_221_0M_ft,delta_csv,1.0,600,0.021476672,3.1357622820006004,model_nll,0.03039972819203032,0.059651864270652666,0.42699862022127616,0.12,0.0,305.030706954,0.167841468715,0,1,0,4.344158627530806,-0.1578396688036483,ucm,-0.057551920900000005,-0.0120612415,0.04245428544999999,-0.0848532801,0.009415430499999999,0.11138389049999996

